<beans xmlns="http://www.springframework.org/schema/beans"
	xmlns:context="http://www.springframework.org/schema/context"
	xmlns:xsi="http://www.w3.org/2001/XMLSchema-instance"
	xmlns:mvc="http://www.springframework.org/schema/mvc"
	xmlns:tx="http://www.springframework.org/schema/tx"
	
	xsi:schemaLocation="
        http://www.springframework.org/schema/beans     
        http://www.springframework.org/schema/beans/spring-beans-2.5.xsd
        http://www.springframework.org/schema/context 
        http://www.springframework.org/schema/context/spring-context.xsd
         http://www.springframework.org/schema/tx
		http://www.springframework.org/schema/tx/spring-tx-3.0.xsd
        http://www.springframework.org/schema/mvc
        http://www.springframework.org/schema/mvc/spring-mvc.xsd">	
  <context:component-scan base-package="com.training.pos"></context:component-scan>
<!--   <context:property-placeholder location="classpath:jdbc.properties" /> -->
<mvc:annotation-driven/>

<context:annotation-config/>
<tx:annotation-driven transaction-manager="transactionManager"/>

<bean id="transactionManager" class="org.springframework.jdbc.datasource.DataSourceTransactionManager">
    <property name="dataSource" ref="dataSource"></property>
    
</bean>

  <bean id="viewResolver"
    	class="org.springframework.web.servlet.view.InternalResourceViewResolver" >
        <property name="prefix">
            <value>/WEB-INF/</value>
        </property>
        <property name="suffix">
            <value>.jsp</value>
        </property>
 </bean>
<!-- dataSource Bean using DriverManagerDataSource to connect Database -->
<bean id="dataSource" class="org.springframework.jdbc.datasource.DriverManagerDataSource">
<property name="driverClassName" value="oracle.jdbc.driver.OracleDriver" />
<property name="url" value="jdbc:oracle:thin:@localhost:1521:XE" />
<property name="username" value="hr" />
<property name="password" value="hr" />
</bean>


<bean id="sessionFactory" class="org.springframework.orm.hibernate4.LocalSessionFactoryBean">
<property name="dataSource" ref="dataSource"/>
 <property name="annotatedClasses">
<list>
<value>com.training.pos.bean.CartBean</value>
<!-- <value>com.training.pos.bean.CredentialsBean</value>
<value>com.training.pos.bean.FoodBean</value>
<value>com.training.pos.bean.OrderBean</value>
<value>com.training.pos.bean.ProfileBean</value>
<value>com.training.pos.bean.StoreBean</value>
 -->
 </list>
</property>
<property name="hibernateProperties">
<props>
<prop key="hibernate.dialect">org.hibernate.dialect.OracleDialect</prop>
<prop key="hibernate.show_sql">true</prop>
<prop key="hibernate.hbm2ddl.auto">create</prop>				
</props>
</property>
</bean>
<context:annotation-config/>

</beans>