<?xml version="1.0" encoding="UTF-8"?>




<!DOCTYPE hibernate-configuration PUBLIC
        "-//Hibernate/Hibernate Configuration DTD 3.0//EN"
        "http://www.hibernate.org/dtd/hibernate-configuration-3.0.dtd">

<hibernate-configuration>

    <session-factory>

        <!-- Database connection settings -->
        <property name="connection.driver_class">oracle.jdbc.driver.OracleDriver</property>
        <property name="connection.url">jdbc:oracle:thin:@localhost:1521:XE</property>
        <property name="connection.username">hr</property>
        <property name="connection.password">hr</property>

        <!-- JDBC connection pool (use the built-in) -->
        <property name="connection.pool_size">1</property>

        <!-- SQL dialect -->
        <property name="dialect">org.hibernate.dialect.OracleDialect</property>

        <!-- Disable the second-level cache  -->
<!--         <property name="cache.use_second_level_cache">true</property> -->
        <property name="cache.provider_class">org.hibernate.cache.internal.NoCacheProvider</property>

        <!-- Echo all executed SQL to stdout -->
        <property name="show_sql">true</property>

        <!-- Drop and re-create the database schema on startup 
        also using create will create new table every time with data given -->
        <property name="hbm2ddl.auto">create</property>

        <!-- Names the annotated entity class -->
        <mapping class="com.training.pos.bean.CredentialsBean"/>
        <mapping class="com.training.pos.bean.ProfileBean"/>
        <mapping class="com.training.pos.bean.StoreBean"/>
        <mapping class="com.training.pos.bean.FoodBean"/>
        <mapping class="com.training.pos.bean.OrderBean"/>
        <mapping class="com.training.pos.bean.CartBean"/>

         

    </session-factory>

</hibernate-configuration>